﻿Country Name,Country Code,Indicator Name,Indicator Code,mean_1960_2022
Aruba,ABW,GDP per capita (current US$),NY.GDP.PCAP.CD,21433.3231
Africa Eastern and Southern,AFE,GDP per capita (current US$),NY.GDP.PCAP.CD,816.164851
Afghanistan,AFG,GDP per capita (current US$),NY.GDP.PCAP.CD,300.0556224
Africa Western and Central,AFW,GDP per capita (current US$),NY.GDP.PCAP.CD,811.1947795
Angola,AGO,GDP per capita (current US$),NY.GDP.PCAP.CD,1719.346157
Albania,ALB,GDP per capita (current US$),NY.GDP.PCAP.CD,2558.902272
Andorra,AND,GDP per capita (current US$),NY.GDP.PCAP.CD,24620.44477
Arab World,ARB,GDP per capita (current US$),NY.GDP.PCAP.CD,3348.536699
United Arab Emirates,ARE,GDP per capita (current US$),NY.GDP.PCAP.CD,34863.22703
Argentina,ARG,GDP per capita (current US$),NY.GDP.PCAP.CD,5750.023179
Armenia,ARM,GDP per capita (current US$),NY.GDP.PCAP.CD,2357.940262
American Samoa,ASM,GDP per capita (current US$),NY.GDP.PCAP.CD,11479.30682
Antigua and Barbuda,ATG,GDP per capita (current US$),NY.GDP.PCAP.CD,10004.88998
Australia,AUS,GDP per capita (current US$),NY.GDP.PCAP.CD,23702.94797
Austria,AUT,GDP per capita (current US$),NY.GDP.PCAP.CD,23182.65234
Azerbaijan,AZE,GDP per capita (current US$),NY.GDP.PCAP.CD,3151.013931
Burundi,BDI,GDP per capita (current US$),NY.GDP.PCAP.CD,162.7752985
Belgium,BEL,GDP per capita (current US$),NY.GDP.PCAP.CD,22114.95294
Benin,BEN,GDP per capita (current US$),NY.GDP.PCAP.CD,517.2213308
Burkina Faso,BFA,GDP per capita (current US$),NY.GDP.PCAP.CD,341.0562709
Bangladesh,BGD,GDP per capita (current US$),NY.GDP.PCAP.CD,539.2808055
Bulgaria,BGR,GDP per capita (current US$),NY.GDP.PCAP.CD,4535.704283
Bahrain,BHR,GDP per capita (current US$),NY.GDP.PCAP.CD,15488.33379
"Bahamas, The",BHS,GDP per capita (current US$),NY.GDP.PCAP.CD,14846.18303
Bosnia and Herzegovina,BIH,GDP per capita (current US$),NY.GDP.PCAP.CD,3618.818926
Belarus,BLR,GDP per capita (current US$),NY.GDP.PCAP.CD,4089.962419
Belize,BLZ,GDP per capita (current US$),NY.GDP.PCAP.CD,3062.342654
Bermuda,BMU,GDP per capita (current US$),NY.GDP.PCAP.CD,44934.40509
Bolivia,BOL,GDP per capita (current US$),NY.GDP.PCAP.CD,1157.331681
Brazil,BRA,GDP per capita (current US$),NY.GDP.PCAP.CD,4014.425848
Barbados,BRB,GDP per capita (current US$),NY.GDP.PCAP.CD,10671.03254
Brunei Darussalam,BRN,GDP per capita (current US$),NY.GDP.PCAP.CD,18752.99207
Bhutan,BTN,GDP per capita (current US$),NY.GDP.PCAP.CD,1312.135447
Botswana,BWA,GDP per capita (current US$),NY.GDP.PCAP.CD,2849.391135
Central African Republic,CAF,GDP per capita (current US$),NY.GDP.PCAP.CD,293.930675
Canada,CAN,GDP per capita (current US$),NY.GDP.PCAP.CD,22729.21854
Central Europe and the Baltics,CEB,GDP per capita (current US$),NY.GDP.PCAP.CD,9343.116066
Switzerland,CHE,GDP per capita (current US$),NY.GDP.PCAP.CD,44243.92213
Channel Islands,CHI,GDP per capita (current US$),NY.GDP.PCAP.CD,55338.85184
Chile,CHL,GDP per capita (current US$),NY.GDP.PCAP.CD,5506.018895
China,CHN,GDP per capita (current US$),NY.GDP.PCAP.CD,2257.991398
Cote d'Ivoire,CIV,GDP per capita (current US$),NY.GDP.PCAP.CD,1052.306712
Cameroon,CMR,GDP per capita (current US$),NY.GDP.PCAP.CD,855.8699875
"Congo, Dem. Rep.",COD,GDP per capita (current US$),NY.GDP.PCAP.CD,321.5746819
"Congo, Rep.",COG,GDP per capita (current US$),NY.GDP.PCAP.CD,1216.378547
Colombia,COL,GDP per capita (current US$),NY.GDP.PCAP.CD,2655.990345
Comoros,COM,GDP per capita (current US$),NY.GDP.PCAP.CD,1043.712764
Cabo Verde,CPV,GDP per capita (current US$),NY.GDP.PCAP.CD,1983.875951
Costa Rica,CRI,GDP per capita (current US$),NY.GDP.PCAP.CD,4040.152685
Caribbean small states,CSS,GDP per capita (current US$),NY.GDP.PCAP.CD,4562.989048
Cuba,CUB,GDP per capita (current US$),NY.GDP.PCAP.CD,3558.807414
Curacao,CUW,GDP per capita (current US$),NY.GDP.PCAP.CD,18853.37966
Cayman Islands,CYM,GDP per capita (current US$),NY.GDP.PCAP.CD,82073.69593
Cyprus,CYP,GDP per capita (current US$),NY.GDP.PCAP.CD,16691.06272
Czechia,CZE,GDP per capita (current US$),NY.GDP.PCAP.CD,14104.45696
Germany,DEU,GDP per capita (current US$),NY.GDP.PCAP.CD,26198.23436
Djibouti,DJI,GDP per capita (current US$),NY.GDP.PCAP.CD,1363.077561
Dominica,DMA,GDP per capita (current US$),NY.GDP.PCAP.CD,4635.441598
Denmark,DNK,GDP per capita (current US$),NY.GDP.PCAP.CD,31656.17802
Dominican Republic,DOM,GDP per capita (current US$),NY.GDP.PCAP.CD,2697.221015
Algeria,DZA,GDP per capita (current US$),NY.GDP.PCAP.CD,2246.062911
East Asia & Pacific (excluding high income),EAP,GDP per capita (current US$),NY.GDP.PCAP.CD,1932.332887
Early-demographic dividend,EAR,GDP per capita (current US$),NY.GDP.PCAP.CD,1397.196035
East Asia & Pacific,EAS,GDP per capita (current US$),NY.GDP.PCAP.CD,3893.995406
Europe & Central Asia (excluding high income),ECA,GDP per capita (current US$),NY.GDP.PCAP.CD,5177.877522
Europe & Central Asia,ECS,GDP per capita (current US$),NY.GDP.PCAP.CD,12631.36389
Ecuador,ECU,GDP per capita (current US$),NY.GDP.PCAP.CD,2504.374935
"Egypt, Arab Rep.",EGY,GDP per capita (current US$),NY.GDP.PCAP.CD,1292.661126
Euro area,EMU,GDP per capita (current US$),NY.GDP.PCAP.CD,18887.83989
Eritrea,ERI,GDP per capita (current US$),NY.GDP.PCAP.CD,#DIV/0!
Spain,ESP,GDP per capita (current US$),NY.GDP.PCAP.CD,13904.79202
Estonia,EST,GDP per capita (current US$),NY.GDP.PCAP.CD,14023.20816
Ethiopia,ETH,GDP per capita (current US$),NY.GDP.PCAP.CD,342.2025245
European Union,EUU,GDP per capita (current US$),NY.GDP.PCAP.CD,19102.86976
Fragile and conflict affected situations,FCS,GDP per capita (current US$),NY.GDP.PCAP.CD,1094.623973
Finland,FIN,GDP per capita (current US$),NY.GDP.PCAP.CD,23299.06137
Fiji,FJI,GDP per capita (current US$),NY.GDP.PCAP.CD,2320.626951
France,FRA,GDP per capita (current US$),NY.GDP.PCAP.CD,20851.92285
Faroe Islands,FRO,GDP per capita (current US$),NY.GDP.PCAP.CD,46247.9006
"Micronesia, Fed. Sts.",FSM,GDP per capita (current US$),NY.GDP.PCAP.CD,2357.356742
Gabon,GAB,GDP per capita (current US$),NY.GDP.PCAP.CD,4533.648966
United Kingdom,GBR,GDP per capita (current US$),NY.GDP.PCAP.CD,21340.7159
Georgia,GEO,GDP per capita (current US$),NY.GDP.PCAP.CD,2554.42913
Ghana,GHA,GDP per capita (current US$),NY.GDP.PCAP.CD,694.7259748
Gibraltar,GIB,GDP per capita (current US$),NY.GDP.PCAP.CD,#DIV/0!
Guinea,GIN,GDP per capita (current US$),NY.GDP.PCAP.CD,606.5978122
"Gambia, The",GMB,GDP per capita (current US$),NY.GDP.PCAP.CD,449.0818888
Guinea-Bissau,GNB,GDP per capita (current US$),NY.GDP.PCAP.CD,347.1191395
Equatorial Guinea,GNQ,GDP per capita (current US$),NY.GDP.PCAP.CD,4109.305295
Greece,GRC,GDP per capita (current US$),NY.GDP.PCAP.CD,11198.25243
Grenada,GRD,GDP per capita (current US$),NY.GDP.PCAP.CD,4830.052263
Greenland,GRL,GDP per capita (current US$),NY.GDP.PCAP.CD,24176.3229
Guatemala,GTM,GDP per capita (current US$),NY.GDP.PCAP.CD,1706.516638
Guam,GUM,GDP per capita (current US$),NY.GDP.PCAP.CD,30454.65887
Guyana,GUY,GDP per capita (current US$),NY.GDP.PCAP.CD,2148.771379
High income,HIC,GDP per capita (current US$),NY.GDP.PCAP.CD,20426.40737
"Hong Kong SAR, China",HKG,GDP per capita (current US$),NY.GDP.PCAP.CD,18284.20364
Honduras,HND,GDP per capita (current US$),NY.GDP.PCAP.CD,1127.834869
Heavily indebted poor countries (HIPC),HPC,GDP per capita (current US$),NY.GDP.PCAP.CD,463.1933648
Croatia,HRV,GDP per capita (current US$),NY.GDP.PCAP.CD,11256.77629
Haiti,HTI,GDP per capita (current US$),NY.GDP.PCAP.CD,572.4706534
Hungary,HUN,GDP per capita (current US$),NY.GDP.PCAP.CD,10454.00399
IBRD only,IBD,GDP per capita (current US$),NY.GDP.PCAP.CD,2053.341284
IDA & IBRD total,IBT,GDP per capita (current US$),NY.GDP.PCAP.CD,1699.226157
IDA total,IDA,GDP per capita (current US$),NY.GDP.PCAP.CD,595.0365866
IDA blend,IDB,GDP per capita (current US$),NY.GDP.PCAP.CD,773.4239726
Indonesia,IDN,GDP per capita (current US$),NY.GDP.PCAP.CD,1397.643732
IDA only,IDX,GDP per capita (current US$),NY.GDP.PCAP.CD,508.4280197
Isle of Man,IMN,GDP per capita (current US$),NY.GDP.PCAP.CD,53848.59981
India,IND,GDP per capita (current US$),NY.GDP.PCAP.CD,627.2395934
Not classified,INX,GDP per capita (current US$),NY.GDP.PCAP.CD,#DIV/0!
Ireland,IRL,GDP per capita (current US$),NY.GDP.PCAP.CD,26358.8582
"Iran, Islamic Rep.",IRN,GDP per capita (current US$),NY.GDP.PCAP.CD,2682.077021
Iraq,IRQ,GDP per capita (current US$),NY.GDP.PCAP.CD,2528.785811
Iceland,ISL,GDP per capita (current US$),NY.GDP.PCAP.CD,27996.23402
Israel,ISR,GDP per capita (current US$),NY.GDP.PCAP.CD,22907.23178
Italy,ITA,GDP per capita (current US$),NY.GDP.PCAP.CD,17761.4755
Jamaica,JAM,GDP per capita (current US$),NY.GDP.PCAP.CD,2621.893793
Jordan,JOR,GDP per capita (current US$),NY.GDP.PCAP.CD,2090.347411
Japan,JPN,GDP per capita (current US$),NY.GDP.PCAP.CD,23157.17574
Kazakhstan,KAZ,GDP per capita (current US$),NY.GDP.PCAP.CD,5833.655996
Kenya,KEN,GDP per capita (current US$),NY.GDP.PCAP.CD,604.8210925
Kyrgyz Republic,KGZ,GDP per capita (current US$),NY.GDP.PCAP.CD,774.7467336
Cambodia,KHM,GDP per capita (current US$),NY.GDP.PCAP.CD,566.5099969
Kiribati,KIR,GDP per capita (current US$),NY.GDP.PCAP.CD,945.9122612
St. Kitts and Nevis,KNA,GDP per capita (current US$),NY.GDP.PCAP.CD,7759.713081
"Korea, Rep.",KOR,GDP per capita (current US$),NY.GDP.PCAP.CD,11040.68718
Kuwait,KWT,GDP per capita (current US$),NY.GDP.PCAP.CD,20420.73047
Latin America & Caribbean (excluding high income),LAC,GDP per capita (current US$),NY.GDP.PCAP.CD,3717.069362
Lao PDR,LAO,GDP per capita (current US$),NY.GDP.PCAP.CD,959.7189378
Lebanon,LBN,GDP per capita (current US$),NY.GDP.PCAP.CD,4995.848048
Liberia,LBR,GDP per capita (current US$),NY.GDP.PCAP.CD,522.0985607
Libya,LBY,GDP per capita (current US$),NY.GDP.PCAP.CD,8222.544978
St. Lucia,LCA,GDP per capita (current US$),NY.GDP.PCAP.CD,6301.885929
Latin America & Caribbean,LCN,GDP per capita (current US$),NY.GDP.PCAP.CD,3926.37793
Least developed countries: UN classification,LDC,GDP per capita (current US$),NY.GDP.PCAP.CD,561.3722021
Low income,LIC,GDP per capita (current US$),NY.GDP.PCAP.CD,575.8268446
Liechtenstein,LIE,GDP per capita (current US$),NY.GDP.PCAP.CD,78440.65265
Sri Lanka,LKA,GDP per capita (current US$),NY.GDP.PCAP.CD,1208.119456
Lower middle income,LMC,GDP per capita (current US$),NY.GDP.PCAP.CD,803.7865062
Low & middle income,LMY,GDP per capita (current US$),NY.GDP.PCAP.CD,1628.665093
Lesotho,LSO,GDP per capita (current US$),NY.GDP.PCAP.CD,478.291778
Late-demographic dividend,LTE,GDP per capita (current US$),NY.GDP.PCAP.CD,2824.64481
Lithuania,LTU,GDP per capita (current US$),NY.GDP.PCAP.CD,11420.03393
Luxembourg,LUX,GDP per capita (current US$),NY.GDP.PCAP.CD,48309.5105
Latvia,LVA,GDP per capita (current US$),NY.GDP.PCAP.CD,10947.15014
"Macao SAR, China",MAC,GDP per capita (current US$),NY.GDP.PCAP.CD,32280.95338
St. Martin (French part),MAF,GDP per capita (current US$),NY.GDP.PCAP.CD,21632.30418
Morocco,MAR,GDP per capita (current US$),NY.GDP.PCAP.CD,1520.760958
Monaco,MCO,GDP per capita (current US$),NY.GDP.PCAP.CD,99697.11478
Moldova,MDA,GDP per capita (current US$),NY.GDP.PCAP.CD,2195.793186
Madagascar,MDG,GDP per capita (current US$),NY.GDP.PCAP.CD,335.746134
Maldives,MDV,GDP per capita (current US$),NY.GDP.PCAP.CD,4283.391805
Middle East & North Africa,MEA,GDP per capita (current US$),NY.GDP.PCAP.CD,3956.156566
Mexico,MEX,GDP per capita (current US$),NY.GDP.PCAP.CD,4825.68508
Marshall Islands,MHL,GDP per capita (current US$),NY.GDP.PCAP.CD,2734.652202
Middle income,MIC,GDP per capita (current US$),NY.GDP.PCAP.CD,1746.745511
North Macedonia,MKD,GDP per capita (current US$),NY.GDP.PCAP.CD,3709.274551
Mali,MLI,GDP per capita (current US$),NY.GDP.PCAP.CD,378.3897782
Malta,MLT,GDP per capita (current US$),NY.GDP.PCAP.CD,12526.23224
Myanmar,MMR,GDP per capita (current US$),NY.GDP.PCAP.CD,318.7782137
Middle East & North Africa (excluding high income),MNA,GDP per capita (current US$),NY.GDP.PCAP.CD,2095.971744
Montenegro,MNE,GDP per capita (current US$),NY.GDP.PCAP.CD,6144.146621
Mongolia,MNG,GDP per capita (current US$),NY.GDP.PCAP.CD,1965.837829
Northern Mariana Islands,MNP,GDP per capita (current US$),NY.GDP.PCAP.CD,17787.31394
Mozambique,MOZ,GDP per capita (current US$),NY.GDP.PCAP.CD,418.5253585
Mauritania,MRT,GDP per capita (current US$),NY.GDP.PCAP.CD,904.8245287
Mauritius,MUS,GDP per capita (current US$),NY.GDP.PCAP.CD,4976.508524
Malawi,MWI,GDP per capita (current US$),NY.GDP.PCAP.CD,393.1236769
Malaysia,MYS,GDP per capita (current US$),NY.GDP.PCAP.CD,4135.143622
North America,NAC,GDP per capita (current US$),NY.GDP.PCAP.CD,27651.75142
Namibia,NAM,GDP per capita (current US$),NY.GDP.PCAP.CD,3337.972678
New Caledonia,NCL,GDP per capita (current US$),NY.GDP.PCAP.CD,17626.96596
Niger,NER,GDP per capita (current US$),NY.GDP.PCAP.CD,306.8337671
Nigeria,NGA,GDP per capita (current US$),NY.GDP.PCAP.CD,1008.131714
Nicaragua,NIC,GDP per capita (current US$),NY.GDP.PCAP.CD,915.2245602
Netherlands,NLD,GDP per capita (current US$),NY.GDP.PCAP.CD,24688.12854
Norway,NOR,GDP per capita (current US$),NY.GDP.PCAP.CD,37702.64901
Nepal,NPL,GDP per capita (current US$),NY.GDP.PCAP.CD,330.9189261
Nauru,NRU,GDP per capita (current US$),NY.GDP.PCAP.CD,9152.904682
New Zealand,NZL,GDP per capita (current US$),NY.GDP.PCAP.CD,17627.60767
OECD members,OED,GDP per capita (current US$),NY.GDP.PCAP.CD,18487.2876
Oman,OMN,GDP per capita (current US$),NY.GDP.PCAP.CD,9412.018401
Other small states,OSS,GDP per capita (current US$),NY.GDP.PCAP.CD,6097.06432
Pakistan,PAK,GDP per capita (current US$),NY.GDP.PCAP.CD,545.2335858
Panama,PAN,GDP per capita (current US$),NY.GDP.PCAP.CD,4912.1084
Peru,PER,GDP per capita (current US$),NY.GDP.PCAP.CD,2422.589764
Philippines,PHL,GDP per capita (current US$),NY.GDP.PCAP.CD,1213.712732
Palau,PLW,GDP per capita (current US$),NY.GDP.PCAP.CD,11563.87292
Papua New Guinea,PNG,GDP per capita (current US$),NY.GDP.PCAP.CD,1056.408328
Poland,POL,GDP per capita (current US$),NY.GDP.PCAP.CD,9173.204803
Pre-demographic dividend,PRE,GDP per capita (current US$),NY.GDP.PCAP.CD,702.3322642
Puerto Rico,PRI,GDP per capita (current US$),NY.GDP.PCAP.CD,13033.67668
"Korea, Dem. People's Rep.",PRK,GDP per capita (current US$),NY.GDP.PCAP.CD,#DIV/0!
Portugal,PRT,GDP per capita (current US$),NY.GDP.PCAP.CD,10125.66967
Paraguay,PRY,GDP per capita (current US$),NY.GDP.PCAP.CD,2381.303041
West Bank and Gaza,PSE,GDP per capita (current US$),NY.GDP.PCAP.CD,2322.95707
Pacific island small states,PSS,GDP per capita (current US$),NY.GDP.PCAP.CD,2078.453786
Post-demographic dividend,PST,GDP per capita (current US$),NY.GDP.PCAP.CD,20898.6413
French Polynesia,PYF,GDP per capita (current US$),NY.GDP.PCAP.CD,13242.59438
Qatar,QAT,GDP per capita (current US$),NY.GDP.PCAP.CD,36211.09934
Romania,ROU,GDP per capita (current US$),NY.GDP.PCAP.CD,5954.014549
Russian Federation,RUS,GDP per capita (current US$),NY.GDP.PCAP.CD,7118.152651
Rwanda,RWA,GDP per capita (current US$),NY.GDP.PCAP.CD,317.5657048
South Asia,SAS,GDP per capita (current US$),NY.GDP.PCAP.CD,605.1852959
Saudi Arabia,SAU,GDP per capita (current US$),NY.GDP.PCAP.CD,11874.37576
Sudan,SDN,GDP per capita (current US$),NY.GDP.PCAP.CD,718.4012188
Senegal,SEN,GDP per capita (current US$),NY.GDP.PCAP.CD,815.2644834
Singapore,SGP,GDP per capita (current US$),NY.GDP.PCAP.CD,22276.55218
Solomon Islands,SLB,GDP per capita (current US$),NY.GDP.PCAP.CD,1100.417764
Sierra Leone,SLE,GDP per capita (current US$),NY.GDP.PCAP.CD,280.8313633
El Salvador,SLV,GDP per capita (current US$),NY.GDP.PCAP.CD,1784.052231
San Marino,SMR,GDP per capita (current US$),NY.GDP.PCAP.CD,52278.87725
Somalia,SOM,GDP per capita (current US$),NY.GDP.PCAP.CD,179.8886991
Serbia,SRB,GDP per capita (current US$),NY.GDP.PCAP.CD,5101.411742
Sub-Saharan Africa (excluding high income),SSA,GDP per capita (current US$),NY.GDP.PCAP.CD,812.0448075
South Sudan,SSD,GDP per capita (current US$),NY.GDP.PCAP.CD,1378.475062
Sub-Saharan Africa,SSF,GDP per capita (current US$),NY.GDP.PCAP.CD,812.6435715
Small states,SST,GDP per capita (current US$),NY.GDP.PCAP.CD,5712.653067
Sao Tome and Principe,STP,GDP per capita (current US$),NY.GDP.PCAP.CD,1367.288142
Suriname,SUR,GDP per capita (current US$),NY.GDP.PCAP.CD,2976.639317
Slovak Republic,SVK,GDP per capita (current US$),NY.GDP.PCAP.CD,12018.36061
Slovenia,SVN,GDP per capita (current US$),NY.GDP.PCAP.CD,19811.29085
Sweden,SWE,GDP per capita (current US$),NY.GDP.PCAP.CD,27604.72548
Eswatini,SWZ,GDP per capita (current US$),NY.GDP.PCAP.CD,1667.356568
Sint Maarten (Dutch part),SXM,GDP per capita (current US$),NY.GDP.PCAP.CD,31052.34526
Seychelles,SYC,GDP per capita (current US$),NY.GDP.PCAP.CD,6387.875415
Syrian Arab Republic,SYR,GDP per capita (current US$),NY.GDP.PCAP.CD,2567.434164
Turks and Caicos Islands,TCA,GDP per capita (current US$),NY.GDP.PCAP.CD,24204.44021
Chad,TCD,GDP per capita (current US$),NY.GDP.PCAP.CD,370.0394458
East Asia & Pacific (IDA & IBRD countries),TEA,GDP per capita (current US$),NY.GDP.PCAP.CD,1954.226585
Europe & Central Asia (IDA & IBRD countries),TEC,GDP per capita (current US$),NY.GDP.PCAP.CD,5563.044163
Togo,TGO,GDP per capita (current US$),NY.GDP.PCAP.CD,466.0265261
Thailand,THA,GDP per capita (current US$),NY.GDP.PCAP.CD,2342.173204
Tajikistan,TJK,GDP per capita (current US$),NY.GDP.PCAP.CD,553.1723826
Turkmenistan,TKM,GDP per capita (current US$),NY.GDP.PCAP.CD,2909.332171
Latin America & the Caribbean (IDA & IBRD countries),TLA,GDP per capita (current US$),NY.GDP.PCAP.CD,3855.658225
Timor-Leste,TLS,GDP per capita (current US$),NY.GDP.PCAP.CD,1041.765309
Middle East & North Africa (IDA & IBRD countries),TMN,GDP per capita (current US$),NY.GDP.PCAP.CD,2095.887249
Tonga,TON,GDP per capita (current US$),NY.GDP.PCAP.CD,2163.678367
South Asia (IDA & IBRD),TSA,GDP per capita (current US$),NY.GDP.PCAP.CD,605.1852959
Sub-Saharan Africa (IDA & IBRD countries),TSS,GDP per capita (current US$),NY.GDP.PCAP.CD,812.6435715
Trinidad and Tobago,TTO,GDP per capita (current US$),NY.GDP.PCAP.CD,7281.309176
Tunisia,TUN,GDP per capita (current US$),NY.GDP.PCAP.CD,2076.009573
Turkiye,TUR,GDP per capita (current US$),NY.GDP.PCAP.CD,4208.933559
Tuvalu,TUV,GDP per capita (current US$),NY.GDP.PCAP.CD,2655.596864
Tanzania,TZA,GDP per capita (current US$),NY.GDP.PCAP.CD,577.9764103
Uganda,UGA,GDP per capita (current US$),NY.GDP.PCAP.CD,344.9991643
Ukraine,UKR,GDP per capita (current US$),NY.GDP.PCAP.CD,2202.412908
Upper middle income,UMC,GDP per capita (current US$),NY.GDP.PCAP.CD,2727.369859
Uruguay,URY,GDP per capita (current US$),NY.GDP.PCAP.CD,6143.319614
United States,USA,GDP per capita (current US$),NY.GDP.PCAP.CD,28194.12301
Uzbekistan,UZB,GDP per capita (current US$),NY.GDP.PCAP.CD,1233.183953
St. Vincent and the Grenadines,VCT,GDP per capita (current US$),NY.GDP.PCAP.CD,3141.727678
"Venezuela, RB",VEN,GDP per capita (current US$),NY.GDP.PCAP.CD,4114.993086
British Virgin Islands,VGB,GDP per capita (current US$),NY.GDP.PCAP.CD,#DIV/0!
Virgin Islands (U.S.),VIR,GDP per capita (current US$),NY.GDP.PCAP.CD,37100.52536
Vietnam,VNM,GDP per capita (current US$),NY.GDP.PCAP.CD,1279.997769
Vanuatu,VUT,GDP per capita (current US$),NY.GDP.PCAP.CD,1842.169555
World,WLD,GDP per capita (current US$),NY.GDP.PCAP.CD,4969.148217
Samoa,WSM,GDP per capita (current US$),NY.GDP.PCAP.CD,2236.638338
Kosovo,XKX,GDP per capita (current US$),NY.GDP.PCAP.CD,3893.541493
"Yemen, Rep.",YEM,GDP per capita (current US$),NY.GDP.PCAP.CD,757.7553611
South Africa,ZAF,GDP per capita (current US$),NY.GDP.PCAP.CD,3559.890237
Zambia,ZMB,GDP per capita (current US$),NY.GDP.PCAP.CD,688.5444692
Zimbabwe,ZWE,GDP per capita (current US$),NY.GDP.PCAP.CD,756.9821225